nome;PIB_percapita
Lamarão;2327.14990234
Caetanos;2440.57006836
Novo Triunfo;2497.06005859
Matina;2551.98999023
Traipu;2649.47998047
